1,1,1
3,2,3
6,4,9
8,6,11
9,7,12
10,8,15
12,10,18
13,11,20
14,5,25
15,10,26
16,2,27
17,12,28
18,13,29
19,14,30
21,15,31
22,16,23
23,17,35
24,1,39
25,18,40
26,8,44
27,19,46
28,14,50
30,21,48
32,12,19
33,13,52
34,23,54
35,24,16
36,13,55
37,25,54
38,26,56
39,27,57
40,10,58
41,8,59
43,29,47
44,17,61
45,26,62
46,12,63
47,12,42
48,30,66
50,32,66
51,10,67
52,14,70
53,26,2
54,2,32
55,29,74
56,16,75
57,16,76
59,24,78
60,16,80
61,13,81
62,16,82
64,33,86
66,18,17
67,35,88
68,36,84
69,37,91
71,38,66
72,39,92
73,40,94
74,41,97
76,16,79
77,42,41
78,43,41
82,46,13
83,47,103
84,48,103
85,49,104
86,50,105
87,50,106
89,13,108
91,52,110
92,14,111
93,8,112
94,13,115
96,54,116
99,16,117
100,36,95
101,8,118
102,55,119
103,8,120
104,41,122
105,23,123
108,57,124
109,54,125
110,58,126
111,54,127
112,59,128
114,19,53
118,62,130
119,63,130
120,57,132
122,64,134
123,23,135
124,65,73
125,8,136
128,66,139
129,5,4
131,59,140
132,19,141
133,62,142
134,48,143
135,14,69
136,54,144
137,36,145
138,67,20
139,68,138
140,12,148
141,69,147
142,41,150
143,70,149
144,71,151
145,7,152
146,12,153
147,68,133
148,23,155
149,69,117
150,62,131
151,72,117
152,57,156
155,58,158
157,73,138
158,7,109
159,38,160
161,75,163
162,75,164
163,70,165
164,76,166
165,23,162
166,77,167
167,68,62
168,78,169
169,19,170
170,8,169
172,8,172
173,17,173
175,80,174
176,81,98
177,82,176
178,83,115
179,84,115
180,80,177
181,85,176
182,17,178
183,10,179
184,80,182
185,80,183
186,81,184
187,80,185
188,17,188
189,15,189
190,58,190
191,69,32
193,57,193
195,75,129
196,8,195
197,58,196
198,58,197
199,75,198
200,58,199
201,12,87
202,81,192
203,7,200
205,86,204
206,87,207
208,89,137
209,90,208
210,91,209
211,89,210
212,84,211
213,84,206
214,35,212
216,92,214
217,88,61
218,93,32
219,88,140
220,50,107
221,94,40
222,84,95
223,95,215
224,96,34
228,89,9
229,77,70
230,99,15
231,89,127
233,88,217
234,93,218
237,89,213
238,101,83
239,84,220
240,102,219
241,94,205
242,103,30
243,84,18
244,95,26
245,94,221
246,73,135
247,50,223
248,84,224
249,91,226
250,90,1
251,104,227
252,105,196
253,88,4
254,84,228
255,50,229
256,77,230
257,106,232
258,106,234
259,95,147
261,89,236
262,84,17
263,46,237
264,107,156
265,91,238
267,107,240
269,91,244
270,95,245
271,110,11
272,50,99
273,111,247
274,111,46
275,87,248
277,112,16
278,89,249
281,93,242
282,91,252
283,113,253
284,114,33
285,114,254
287,115,23
288,50,255
289,50,256
290,107,257
291,116,259
293,95,261
294,117,262
295,118,263
296,117,264
298,29,76
299,103,266
300,119,268
301,105,269
302,91,144
303,46,68
304,111,270
305,120,271
306,121,272
307,122,273
308,119,176
309,123,118
310,25,274
311,111,275
312,67,276
313,117,260
314,95,277
315,25,200
316,91,278
320,89,280
327,94,29
328,89,284
329,87,285
331,89,78
332,112,287
333,91,288
334,29,182
335,105,291
336,87,198
337,105,292
338,122,293
339,88,290
340,121,294
341,93,295
342,87,296
343,107,25
344,105,298
345,115,297
346,115,283
347,126,299
349,107,301
350,87,77
353,106,239
354,88,36
355,105,302
356,91,246
357,73,303
358,114,304
359,106,305
360,88,306
362,120,308
363,29,130
364,29,310
365,120,241
366,77,74
367,102,311
368,90,149
369,127,312
370,128,290
372,130,323
373,131,292
375,133,229
377,134,334
378,130,70
379,135,323
380,136,318
382,137,337
383,138,337
387,142,184
388,143,339
389,144,333
390,145,333
391,143,340
392,146,258
393,146,93
394,147,289
396,149,206
397,150,206
400,152,335
401,153,32
402,154,32
404,154,342
405,136,292
406,155,343
407,156,344
408,146,238
409,157,21
413,141,132
414,159,347
415,160,349
417,162,178
418,163,292
420,139,353
421,157,269
423,139,261
424,165,116
425,166,354
426,167,354
427,168,355
428,151,305
430,130,357
431,170,140
432,171,358
433,172,70
435,173,361
436,174,361
437,137,86
439,176,364
440,152,94
441,172,261
443,178,365
444,178,363
445,179,4
446,172,367
447,173,368
448,178,370
450,180,369
451,153,371
452,181,86
453,141,373
454,151,218
455,159,374
460,130,348
461,157,377
462,146,345
464,171,379
465,146,380
466,151,130
467,157,381
468,185,383
469,176,226
470,176,346
471,176,384
472,139,338
474,146,385
476,186,388
478,187,389
479,188,389
480,185,390
481,153,391
483,189,393
484,141,394
485,146,115
486,187,395
487,151,209
488,146,396
489,141,397
492,150,399
493,141,392
494,171,334
495,172,151
496,190,401
498,192,258
500,193,229
501,194,405
502,195,280
503,195,406
504,196,402
506,154,270
507,154,384
508,198,407
509,199,209
510,167,85
511,200,242
512,201,130
513,167,370
514,200,408
515,202,409
516,203,409
517,149,409
518,204,410
519,205,410
520,206,411
522,195,413
524,207,108
525,154,391
526,198,305
527,154,254
528,208,93
529,209,415
530,195,399
531,149,115
532,186,238
534,210,380
535,192,417
536,211,418
537,186,419
538,212,420
539,210,132
540,213,422
541,214,368
542,215,142
543,216,361
544,217,323
545,218,424
548,221,51
549,222,427
550,223,70
551,224,62
552,225,428
553,226,343
554,227,407
556,229,130
557,230,68
558,231,333
559,232,334
561,233,348
562,216,106
563,223,117
564,225,269
565,224,357
566,234,357
568,236,16
569,231,430
570,232,431
572,238,138
573,239,32
574,240,274
577,241,351
579,242,260
580,243,434
582,223,249
583,240,353
584,238,182
586,245,107
587,225,256
588,238,183
589,246,88
590,216,435
591,247,435
592,238,436
593,242,408
594,248,30
595,249,2
596,221,316
597,225,229
598,232,437
600,248,438
601,246,93
602,251,346
603,252,95
605,232,439
606,238,47
607,246,196
608,223,5
610,222,149
612,238,442
613,226,20
614,239,122
615,254,110
616,255,42
618,255,267
619,221,443
621,257,75
622,258,86
623,259,129
624,260,7
625,261,445
626,262,446
627,246,447
628,240,1
629,225,377
631,243,449
632,254,450
633,257,238
634,257,344
635,230,444
637,263,176
638,264,374
639,226,452
640,245,80
641,259,236
642,265,82
645,246,455
646,238,456
647,242,46
648,240,345
649,231,457
651,231,458
652,231,459
653,231,451
654,268,80
655,269,247
656,246,460
657,243,173
660,240,222
662,243,463
666,273,275
667,274,454
668,232,53
669,275,161
670,249,108
671,258,468
672,254,469
673,223,229
674,274,142
675,238,470
676,221,310
677,243,162
678,253,471
679,226,472
681,253,26
682,276,390
683,277,247
684,278,247
686,280,138
688,282,238
689,283,208
690,284,405
691,285,361
692,286,80
693,287,477
694,288,70
695,289,428
697,291,478
698,292,62
701,293,457
702,282,16
703,294,209
704,295,30
705,296,385
706,297,5
707,296,212
708,298,310
709,299,480
711,297,261
712,297,186
713,301,130
714,296,236
715,302,438
716,303,438
717,304,13
718,305,483
720,307,247
721,294,213
723,308,391
724,309,107
725,303,442
726,292,486
727,310,487
728,294,488
729,311,469
730,312,489
731,312,334
732,313,108
733,314,229
734,314,490
735,292,491
736,315,492
737,294,46
738,316,176
739,294,493
740,317,453
741,318,503
742,319,503
743,320,504
744,321,505
3584,1262,1083
3071,1131,1564
3072,1100,882
748,323,508
749,325,4
750,326,507
751,327,4
752,328,507
753,321,510
754,329,396
755,330,209
3073,1118,1562
3585,1227,1397
758,331,249
759,332,516
3075,1010,1154
761,334,507
3076,1061,569
763,331,519
764,331,130
765,336,130
766,337,523
3077,999,1591
768,339,115
3586,1263,1053
770,341,526
3079,1115,1293
772,343,527
3080,1108,1592
3081,997,351
776,345,529
777,345,530
778,346,498
3083,1061,1593
780,347,528
781,347,511
782,348,532
783,339,534
3084,1098,1594
785,340,525
786,348,535
3085,1050,1259
788,350,493
789,351,539
791,352,4
792,353,4
794,355,540
795,356,541
796,357,542
797,358,544
798,359,544
799,360,544
801,361,393
802,346,424
803,331,546
804,362,425
805,363,547
806,364,197
808,365,545
809,366,210
810,367,80
811,340,501
812,368,549
813,368,509
814,363,550
815,369,550
817,371,552
818,337,553
819,372,554
820,373,514
821,374,197
822,375,430
823,331,555
824,376,247
826,362,287
828,378,557
829,367,558
831,371,560
833,356,379
834,380,379
835,362,304
836,381,561
837,362,562
838,382,563
839,383,208
840,384,130
841,331,564
842,385,334
844,376,569
846,388,514
847,389,571
849,380,572
850,391,542
851,387,238
852,392,551
853,380,566
854,393,524
855,394,573
856,347,211
859,395,576
860,395,577
862,397,579
863,398,458
864,398,580
865,399,486
866,399,316
867,400,107
868,401,106
869,402,238
871,403,581
872,404,583
873,405,584
874,406,582
875,407,586
877,409,232
879,333,588
880,410,434
881,411,586
884,413,573
885,413,590
886,414,591
887,415,592
889,406,593
890,383,595
891,416,597
893,417,599
895,419,601
899,423,542
901,421,247
902,383,604
903,421,605
904,424,606
906,425,610
908,426,613
910,400,615
911,427,62
912,413,408
913,428,616
914,414,617
916,429,618
917,400,620
918,430,621
919,431,622
920,432,623
921,433,624
3086,997,1588
923,435,356
924,409,626
925,406,628
926,436,627
927,426,631
3087,941,1595
930,439,634
931,332,635
3089,974,1473
933,438,636
3090,941,882
935,406,633
3091,1061,1597
3092,1115,1251
938,441,603
3093,1048,735
940,410,639
3588,1244,679
942,395,641
943,403,642
3121,1140,1126
945,385,644
946,435,645
3589,1264,1124
948,426,646
949,426,647
950,403,587
951,444,648
952,396,578
953,445,649
954,411,651
955,368,652
956,409,653
957,446,348
958,396,594
959,403,357
960,396,654
961,431,561
962,446,603
963,426,555
3170,1136,127
965,431,656
966,403,630
3171,1161,648
968,449,611
969,449,660
970,410,661
971,450,353
972,451,662
973,452,663
974,383,664
3172,1162,107
976,439,665
977,428,219
3173,1145,839
979,396,82
980,396,607
3174,1163,781
982,454,669
983,455,374
984,368,670
3591,1266,1124
987,402,671
988,457,601
989,458,262
990,400,475
991,400,236
3177,1164,1127
993,425,366
994,410,674
3592,1238,1556
996,431,675
998,461,676
3180,1165,1625
1001,425,679
1002,463,557
1003,460,551
1004,464,680
1005,409,680
1006,458,264
1007,410,306
1008,452,681
1010,425,683
1011,396,684
1012,452,682
1014,428,657
1017,460,686
1018,454,687
1019,451,688
1020,396,690
1022,467,456
1023,396,430
1025,413,558
1026,425,691
1027,469,310
1028,463,421
1029,470,690
1030,471,692
1032,416,402
1033,472,696
1034,332,697
1035,473,698
1036,463,699
1037,397,502
1039,475,602
1041,477,229
1043,479,693
1044,404,700
1046,460,46
1047,383,440
1049,480,704
1050,463,705
1051,425,59
1052,471,707
1053,422,708
1056,397,709
1058,410,710
1059,469,711
1060,423,160
1061,481,712
1062,449,713
1063,454,714
1064,416,715
1066,482,716
1067,409,585
1068,383,717
1070,483,719
1071,484,158
1073,368,721
1074,451,722
1075,368,723
1076,332,703
1077,485,726
1078,439,381
1079,486,572
1080,481,727
1081,464,728
1082,471,466
1083,480,729
1084,487,137
1085,452,351
1086,488,730
1087,426,731
1088,489,490
1089,490,732
1090,395,733
1093,491,571
1095,462,735
1096,396,736
1097,462,677
1098,461,738
1099,492,739
1100,493,27
1102,480,741
1103,396,742
1106,458,745
1107,462,514
1108,464,566
1109,480,344
1110,496,746
1111,497,158
1112,498,747
1113,483,748
1114,458,544
1115,499,749
1116,463,750
1117,459,453
1119,500,364
1120,422,310
1121,479,753
1123,414,754
1124,383,755
1125,501,548
1126,458,11
1128,497,224
1129,411,757
1130,406,562
3095,978,859
1132,397,553
1133,451,758
1134,503,759
1135,503,760
1136,458,226
1137,480,761
1138,504,472
1139,505,135
1140,482,571
1141,504,498
1142,396,762
1143,470,762
1144,504,763
1145,396,764
1146,396,737
1147,506,766
1148,506,767
3096,1133,1599
1150,480,769
3097,842,1600
1152,409,138
1153,507,771
1154,425,772
1155,397,773
1156,454,774
1157,506,775
1158,470,637
1159,458,600
3098,1050,1242
1161,332,689
1162,508,80
1163,479,685
1164,477,776
1165,332,629
1166,421,777
1167,421,778
1168,504,81
1169,480,779
3099,1098,1601
1171,480,147
1172,509,780
1173,404,781
1174,411,780
1175,460,782
1176,460,783
1177,481,784
1178,417,785
1179,426,786
1180,496,88
1181,510,304
1182,332,151
3100,972,1182
1184,497,789
1185,480,7
1186,460,790
1187,451,4
3101,999,1602
1189,406,791
1190,511,436
1191,402,391
1192,332,493
1193,503,792
1194,385,287
1195,406,405
1196,332,794
1197,454,304
1198,471,795
1199,397,796
1200,414,798
3102,1010,761
3103,941,1603
1203,511,800
1204,417,251
1205,451,803
1206,492,804
1207,460,805
1208,506,806
1209,496,305
1210,492,212
3104,1014,1604
1212,487,807
1214,487,752
1215,511,809
1216,501,810
1217,473,162
1218,417,811
1219,508,812
1221,511,814
1222,513,718
1223,479,469
1224,514,469
1225,480,815
1226,504,164
1227,504,817
1229,438,95
1230,515,209
1231,515,207
1232,516,802
1233,479,818
1234,497,176
1235,417,819
1237,479,133
1238,497,821
1242,385,702
1243,461,289
1244,385,823
1245,461,824
1246,397,32
1247,480,404
1248,517,825
1249,517,826
1250,504,827
1251,497,830
1252,518,813
1253,515,19
1255,519,831
1257,504,832
1258,479,833
1259,493,767
1260,520,834
1261,426,835
1262,497,836
1263,521,772
1264,522,645
1265,523,507
1266,524,208
1267,525,130
1268,526,840
1269,527,619
1272,529,507
1273,530,841
1274,527,741
1275,531,475
1276,532,347
1277,533,842
1278,534,645
1280,531,530
1281,536,845
1282,537,62
1283,538,570
1284,539,362
1285,540,576
1287,535,846
1288,535,847
1289,535,594
1290,529,260
1291,532,848
1294,535,693
1295,536,351
1296,542,626
1297,543,611
1298,544,677
1300,546,247
1302,547,511
1303,538,739
1304,547,636
1308,551,635
1309,529,607
1310,527,704
1311,552,656
1312,529,853
1314,535,219
1315,531,630
1317,527,761
1318,555,854
1319,556,584
1320,557,681
1321,558,236
1322,543,234
1323,559,855
1324,560,582
1325,561,719
1326,529,356
1327,532,575
1328,529,856
1330,561,520
1332,527,857
1333,547,675
1334,531,550
1337,564,859
1338,552,861
1339,565,773
1340,566,551
1341,567,540
1343,529,760
1344,567,720
1345,567,862
1346,532,595
1347,552,863
1348,529,858
1349,529,864
1350,546,242
1352,568,730
1353,569,867
1354,570,767
1355,559,812
1357,530,357
1358,542,869
1359,567,766
1360,530,721
1362,564,127
1363,538,871
1364,532,872
1365,571,873
1366,556,255
1367,532,684
1368,531,310
1369,548,874
1370,559,276
1371,565,215
1372,572,270
1373,543,691
1374,565,210
1375,542,753
1376,538,346
1377,564,577
1378,565,213
1379,556,732
1380,560,147
1381,573,519
1382,574,875
1383,527,25
1384,559,629
1389,566,196
1390,566,692
1391,558,2
1393,566,262
1394,538,617
1395,547,876
1396,566,402
1397,561,404
1398,538,877
1399,554,878
1400,561,879
1401,575,880
1402,573,733
1403,535,620
1404,530,737
1406,564,702
1408,563,774
1409,544,882
1410,576,377
1412,578,436
1414,579,748
1415,579,385
1416,578,572
1417,529,649
1418,526,680
1419,580,708
1420,555,839
1421,530,697
1422,555,810
1424,532,885
1425,579,886
1427,529,835
1429,579,261
1430,556,26
1431,559,698
1432,573,889
1433,581,807
1434,578,890
1435,564,421
1436,535,229
1439,535,566
1440,570,892
1441,564,207
1442,527,248
1443,582,860
1444,536,256
1445,567,893
1446,564,408
1447,578,894
1448,573,895
1449,578,896
1450,551,679
1451,530,109
1452,556,109
1453,583,616
1454,565,897
1455,565,604
1456,572,51
1457,529,898
1458,578,456
1459,578,442
1460,573,557
1461,569,900
1462,574,901
1463,560,714
1464,529,683
1465,529,568
1466,547,902
1467,563,903
1468,530,904
1470,584,493
1471,556,904
1472,585,600
1473,578,284
1474,565,605
1475,578,906
1477,538,907
1478,567,908
1479,564,353
1480,551,768
1481,578,909
1482,547,633
1484,586,793
1485,529,727
1486,566,910
1487,584,237
1488,580,911
1491,559,616
1492,546,913
1494,587,305
1495,587,209
1496,588,546
1498,581,613
1500,589,915
1502,581,916
1503,543,702
1504,559,917
1505,587,553
1506,565,914
1507,590,561
1508,544,918
1509,590,798
1510,541,919
1511,588,920
1512,575,259
1513,588,415
1514,565,712
1515,588,922
1516,570,923
1517,570,921
1519,591,391
1520,544,924
1521,563,740
1522,590,887
1523,591,927
1524,547,160
1525,552,251
1526,552,925
1527,544,98
1528,592,245
1529,591,93
1530,591,928
1531,593,935
1532,594,385
1533,595,23
1534,593,234
1535,595,936
1536,596,855
1537,597,937
1538,598,353
1539,594,619
1540,599,22
1541,600,576
1542,601,550
1543,602,258
1544,599,938
1545,603,353
1546,604,678
1547,605,115
1548,606,890
1550,608,757
1551,609,707
1552,594,790
1553,610,493
1554,611,939
1555,608,93
1556,612,635
1557,613,86
1558,614,712
1559,615,353
1560,594,940
1561,616,626
1562,617,940
1563,604,603
1564,618,402
3105,978,1305
1566,613,680
1567,611,528
3106,1134,1605
1569,620,708
1570,621,708
1571,608,942
1572,622,943
1573,600,564
1574,593,872
1575,611,775
3107,997,1602
3108,1050,1604
3109,1084,1174
1579,625,944
1580,611,751
1581,626,858
1582,623,729
1583,593,556
1584,600,947
1585,627,665
3593,1263,1712
1587,616,379
1588,628,391
3182,1147,1425
1590,625,593
1591,629,593
1592,606,950
1593,630,941
1594,608,951
3183,1145,1626
3184,975,592
1597,633,645
1598,593,719
1599,634,552
1600,625,952
1601,616,953
3264,1185,1027
3266,1152,1462
1605,610,26
1606,627,520
1607,635,955
1608,636,957
1609,605,259
1610,625,946
3267,1167,1446
3268,1186,439
1614,602,812
1615,638,943
1616,639,938
1617,596,961
1618,640,911
1622,644,130
1623,645,269
1624,646,23
1625,647,964
1626,648,493
1627,647,391
1628,649,666
1629,650,576
1630,651,215
1631,652,194
1632,651,633
1633,632,258
1634,653,845
1635,654,619
1636,655,965
1637,656,966
1638,657,855
1639,638,868
1640,651,605
1641,645,890
1642,632,636
1643,645,800
1644,645,386
1645,649,353
1646,645,968
1647,647,946
1648,658,209
1649,640,970
1650,647,402
1651,655,575
1652,655,847
1655,651,972
1656,647,947
1658,609,967
1659,660,31
1660,617,877
1661,653,974
1664,662,87
1665,647,881
1666,622,799
1667,651,864
1668,663,379
1669,647,751
1670,632,977
1671,617,719
1672,632,978
1673,664,616
1674,647,951
1675,657,980
1676,665,51
1677,666,982
1679,668,507
1680,669,626
1681,670,693
1682,671,940
1683,672,23
1684,673,645
1685,674,433
1686,675,768
1687,676,130
1688,677,357
1689,673,149
1690,678,174
1691,679,51
1692,680,256
1693,681,619
1694,682,47
1695,682,987
1697,682,549
1698,682,509
1699,683,988
1700,682,989
1701,684,576
1702,685,349
1703,686,643
1704,687,598
1705,682,990
1707,689,208
1708,682,62
1709,690,656
1710,683,595
1713,683,991
1714,674,742
1715,682,260
1716,682,992
1717,692,247
1718,693,814
1720,695,901
1721,670,681
1722,696,995
1723,697,848
1724,698,635
1725,680,575
1726,699,391
1727,681,261
1728,690,855
1730,700,996
1731,701,997
1732,702,347
1734,683,998
1736,704,658
1737,701,556
1738,705,582
1739,671,999
1741,681,729
1745,708,911
1746,709,542
1747,710,64
1748,709,655
1749,709,891
1750,711,1001
1752,709,1002
1753,700,900
1754,677,1003
1756,705,88
1757,709,551
1758,712,775
3110,1133,1608
1761,685,767
1762,713,1005
1763,685,621
1764,714,16
1765,670,623
1766,670,249
1767,715,388
1768,716,613
1769,717,657
1770,718,774
1771,697,944
3111,972,1609
3112,972,1610
1775,719,250
1776,689,376
1777,705,196
1778,688,1008
1779,692,242
1780,677,82
1781,673,1009
1782,720,1010
1783,700,680
1784,719,93
1785,679,874
1786,709,882
1787,683,1010
1790,680,698
1792,689,26
1793,722,334
1794,709,207
1795,680,1012
1796,672,1013
1797,723,1011
1798,680,552
1799,670,462
1801,725,596
1802,698,639
1803,710,702
1804,726,733
1805,722,238
1806,709,748
1807,725,270
1809,690,721
1810,727,1014
1811,725,1011
1812,705,1015
1813,673,294
1814,727,161
1816,728,771
1817,705,1016
1818,705,675
1820,682,160
1821,729,493
1822,730,715
1823,722,1019
1824,731,251
1825,681,560
1826,732,436
1827,733,1022
1828,734,1026
1829,735,1027
1831,737,1029
1832,738,51
1833,739,1032
1835,741,262
1837,743,556
1838,744,115
1841,746,954
1843,747,47
1845,749,1035
1846,750,402
1847,745,436
1848,750,346
1849,751,723
1850,752,693
1851,753,766
1852,743,904
1853,754,633
1854,745,1036
1855,738,270
1856,755,862
1857,756,219
1858,757,117
1860,759,847
1861,760,613
1862,759,575
1864,762,361
1865,763,767
1866,762,1040
1867,764,1042
1868,765,261
1869,759,260
1870,766,684
1873,768,1043
1874,751,480
1875,769,751
1876,770,274
1877,771,940
1879,772,295
1880,761,88
1881,761,552
1882,773,863
1883,761,571
1884,774,568
1886,776,1047
1887,777,576
1888,778,1049
1890,780,497
1891,781,1051
1892,782,1051
1894,781,1053
1895,783,1054
1896,784,1055
1897,785,1056
1899,777,1059
1900,787,1049
1901,785,1060
1902,788,1061
1903,784,1062
1905,789,1063
1906,779,1064
1908,791,1065
1909,785,1057
1910,782,1059
1911,785,1068
1912,792,1069
1913,793,1069
1914,792,1070
1915,793,1070
1916,777,1067
1917,782,1067
1918,779,1071
1919,794,1071
1921,795,1073
1922,779,1074
1923,782,1074
1927,785,1076
1928,779,951
1929,794,951
1930,787,595
1931,784,1078
1932,785,1079
1934,788,1081
1935,792,1082
1936,797,1052
1940,800,1055
1941,781,1084
1942,776,1085
1943,801,1085
1944,794,1086
1945,802,572
1946,798,1087
1948,804,618
1949,805,599
1950,787,502
1952,806,1026
1953,784,1090
1954,807,1052
1955,808,1092
1957,798,1091
1958,798,1093
1959,784,805
1960,810,855
1961,794,579
1962,785,1095
1963,782,1056
1966,798,1098
1967,784,609
1968,811,1086
1969,806,1097
1971,774,1100
1972,795,1102
1973,785,858
1976,789,1106
1978,813,855
1979,814,855
1980,787,1062
1981,815,1107
1982,815,1026
1984,816,858
1985,817,1054
1987,818,675
1988,819,1060
1989,819,1109
1990,820,1110
1991,816,569
3114,1130,151
3115,1114,1611
1994,821,1063
1995,822,1115
1996,823,1052
3185,1167,382
3597,1270,130
1999,826,1104
2000,827,1118
3187,1163,1440
2002,829,1119
2003,830,901
3598,1271,1714
2005,831,1049
2006,832,1049
3599,1272,305
2008,834,1106
2009,835,1081
3190,1169,1085
2011,826,1123
3191,1142,1572
2013,838,167
2014,839,167
3193,1152,1627
2017,841,1081
3194,1137,1168
3195,1170,1628
2020,839,1127
3196,1131,1224
2022,844,1127
2023,826,535
2024,845,1129
3197,1156,1395
3198,1141,1382
2027,828,1132
2028,828,1133
2029,789,1134
2030,846,1135
3601,1273,1062
3200,1158,1009
3201,1142,427
2034,846,1140
2035,848,645
2036,839,1143
3202,1172,1351
3203,1141,1629
3204,1156,1134
2040,849,295
2041,850,295
3205,1156,1031
2043,852,1146
2044,789,2
2045,826,406
2046,853,1148
2047,854,603
2049,854,1149
2050,856,1150
3207,1160,1630
2052,858,1096
2053,839,1151
2054,848,947
2055,826,1152
3208,1173,298
2057,860,751
2058,861,636
2059,828,1154
2061,829,1134
2062,862,635
2063,862,1155
2064,863,1071
2065,864,1071
3210,1174,2
2067,865,1160
3211,1174,5
2069,828,1161
2070,860,1162
2071,842,1163
2072,866,727
2073,859,751
3212,1165,882
2075,828,672
2080,859,1166
2083,852,1144
2084,847,1167
2086,872,1168
2087,873,1141
2088,835,552
2089,874,1049
2090,875,1049
2091,876,1049
2092,860,1060
2093,877,1060
2094,828,1169
2095,865,1170
2096,839,1171
2098,878,1126
2099,865,1139
2100,865,1172
2102,865,1173
2103,879,721
2104,880,1174
2105,881,645
2106,852,1126
2111,883,1176
2112,880,679
2113,878,679
2114,880,1178
2116,829,1179
2117,885,1180
2120,887,1152
2121,860,1185
2123,872,1184
2125,872,1186
2126,888,1187
2127,860,1188
2129,850,1160
2130,880,631
2133,846,1190
2136,846,1192
2137,891,579
2138,863,1193
2140,860,1142
2141,852,775
2143,893,1194
2144,894,1191
2145,862,1195
2147,860,790
2149,895,552
2150,889,640
2151,865,1196
2152,847,1197
2153,876,855
2154,884,1197
2155,848,269
2156,861,1198
2157,828,1199
2158,896,547
2159,848,556
2160,882,1200
2162,853,653
2163,860,666
2164,893,666
2165,857,1201
2166,854,1202
2167,872,939
2168,854,1080
2169,880,1158
2170,847,51
2171,861,1203
2172,866,1204
2173,850,1123
2174,898,1123
2175,899,1205
2177,900,719
2178,860,1206
2180,861,977
2181,850,1208
2185,880,1209
2188,901,1210
2189,860,1102
2190,901,1142
2191,854,1212
2193,865,895
2194,902,1214
2195,861,1215
2196,903,1214
2197,904,1214
2198,854,855
2199,905,1203
2201,907,1101
2202,880,646
2203,826,1039
2204,908,1217
2205,883,1039
2206,907,1218
2207,909,636
2208,827,1219
2209,866,1220
2210,910,948
2211,848,1147
2212,900,569
2213,907,1221
2214,911,1223
3603,1272,1418
2216,911,1095
2217,889,1222
2218,912,1222
2219,913,1225
3117,1137,1270
2221,848,558
2222,848,707
2223,914,1226
2225,880,1228
2227,828,115
2228,862,1230
2229,860,19
2230,862,1231
3124,1141,134
2232,915,489
2233,866,1234
3125,1142,1550
2235,828,1235
2236,826,1236
2237,907,1237
2238,872,1078
2239,847,1239
2240,865,882
2241,834,1239
2242,885,1240
2243,865,1240
2244,889,1241
2245,916,1232
3126,1143,1401
2247,917,295
3127,1144,408
2249,821,1124
2250,828,1242
2251,901,1242
2252,914,971
2253,918,895
3128,1009,1026
2255,910,379
3129,1145,1518
3130,1146,859
3131,1144,493
2259,876,1083
2260,902,1210
2261,920,379
2263,882,1245
3133,1147,1614
2265,854,793
2266,921,645
3134,1148,46
2268,911,1247
2269,827,1248
2270,883,1249
2271,848,1250
2272,922,1251
2273,848,386
2274,918,1252
2275,911,1253
2277,918,1254
2278,916,1241
2281,919,1259
2282,835,1256
2284,899,1260
2285,923,1256
2286,847,1258
2287,924,1204
2288,877,1248
2289,925,1261
2290,835,1165
2291,911,683
2292,863,1262
2293,848,1263
2294,828,1264
2295,863,1265
2296,828,1266
2297,902,42
2298,885,349
2299,926,349
2301,839,500
2303,907,1269
2304,842,1270
2305,901,1193
2309,841,1273
2310,911,887
2312,914,1273
2314,872,1277
2317,886,1279
2318,865,1280
2319,914,1281
2320,865,1281
2322,881,1154
2323,860,1284
2324,860,341
2326,922,435
2327,862,1285
2328,882,1286
2330,828,1288
2331,848,1289
2332,926,1104
2333,922,1290
2334,848,1291
2335,882,1292
2336,913,1293
2337,839,1294
2340,865,1296
2341,926,1296
2342,909,1140
2343,922,1279
2344,861,967
2346,877,967
2347,932,1124
2348,895,1151
2349,933,1297
2352,934,435
2353,914,1283
2354,829,1298
2355,935,721
2356,873,1299
2358,882,1301
2359,860,1110
2360,905,1286
2361,914,125
2362,865,1303
2363,882,1304
2364,911,560
2365,882,1305
2366,882,1306
2367,907,1308
2368,937,1113
2370,932,1182
2371,850,1215
2373,907,1016
2374,826,1312
2375,821,478
2376,826,568
2378,940,1314
2379,941,1315
2381,830,1317
2382,861,1039
2383,940,1318
2384,909,635
2385,893,946
2386,943,855
2388,881,1169
2389,944,305
2390,924,1200
2393,877,1319
2394,858,1320
2396,945,1321
2397,878,882
2398,946,1322
2402,943,1143
2406,913,579
2408,950,1323
2409,951,1100
2410,898,864
2411,893,1324
2412,913,1107
2413,898,215
2414,877,571
2415,943,1116
2416,878,1095
2418,834,1326
2419,834,1327
2420,834,1328
2421,952,1281
2422,926,1146
2423,841,1294
2425,921,361
2426,926,887
2427,954,631
3118,1138,480
3135,975,343
2430,944,951
3214,1169,1631
2432,909,741
2433,898,1192
2434,918,1161
3215,1155,1151
2436,956,382
2437,850,1078
2438,921,1332
2439,926,775
2440,918,1243
2441,954,1237
3293,1194,1386
2443,954,895
2444,881,1162
2445,878,1281
2446,844,1165
2447,871,500
2448,844,496
2449,957,1284
2450,858,1266
2451,958,1040
2452,959,1335
2453,884,1116
2454,881,1015
2455,844,1199
2456,960,1336
2457,858,1257
2458,961,1304
2459,877,1226
2460,962,1333
2461,821,1259
3294,1147,1372
2463,875,1338
2464,918,1281
2465,877,1174
2466,871,1211
2467,859,1251
3295,1195,635
2469,859,616
2470,964,771
2471,844,920
3296,1165,895
2473,965,269
2474,942,42
2475,966,1143
2476,918,1016
2477,967,1341
3297,1194,1369
2479,969,1080
2480,967,1342
2481,901,1318
2482,969,1212
2483,859,1185
2484,970,1159
2485,921,1343
2486,838,1104
3298,1196,1649
3299,975,896
2489,901,1346
2490,971,1347
2491,937,549
2492,972,1049
2493,972,648
2494,942,1348
3300,1192,523
3301,1192,274
2497,975,1349
2498,976,1350
2500,974,1353
2501,977,1354
2502,971,1355
2503,978,1357
2504,979,977
2505,980,272
2506,981,1123
3303,1192,1619
2508,842,1138
2509,983,630
2510,937,343
2511,984,249
2512,985,20
3304,1160,1200
2514,986,1187
2515,987,1179
2516,988,1179
2517,985,603
2518,989,1080
2519,989,1202
3606,1276,1108
2521,983,598
2522,830,535
3306,1190,1639
2524,984,1134
2525,941,1361
3307,1184,1651
2527,941,1362
2528,987,1363
3308,1184,1652
2530,980,1206
3309,1009,612
2532,993,511
2533,994,1364
2534,989,1366
2535,921,684
3655,1300,1084
2537,989,1096
3311,1190,1647
2539,986,1369
2540,983,1267
3656,1227,1717
3313,1157,721
3314,975,1320
2544,998,1371
2545,999,646
3657,1284,1331
3316,1197,684
2548,921,1373
3317,1189,684
2550,997,1119
2551,1002,1064
2553,941,1375
2554,1004,509
2556,921,1143
2560,998,1026
2561,1008,1320
2562,1009,1179
2563,986,1071
2564,1010,852
2565,1011,1377
2566,1012,1047
2567,1013,1378
2569,933,1379
2570,1014,1380
2571,1015,723
2572,1016,1198
2573,1017,346
2576,1011,1381
2577,983,896
2580,1017,1383
2582,1020,430
2583,1021,1191
2586,983,1374
2587,941,1385
2588,1023,208
2589,998,839
2590,986,1386
2591,1024,1387
2592,1025,1388
2593,1026,695
2594,986,1140
2596,937,1389
2597,941,1390
2598,980,1186
2600,1006,1162
2601,999,1393
2603,1027,1394
2604,1006,819
2605,972,1395
2607,987,1397
2608,1007,1397
2609,842,1304
2610,984,347
2611,1029,1398
2612,986,1399
2613,1030,1208
2617,842,1329
2618,1011,260
2620,933,1365
2621,1032,1402
2622,983,26
2624,1012,1403
2627,1033,1128
2629,1020,1405
2630,1033,589
2631,1027,366
2632,1013,1301
2633,1035,1407
2634,1010,890
2635,1033,223
3119,1139,1061
2637,1027,1350
3136,1064,1615
2639,996,1392
2640,830,1055
2641,1027,442
2642,1037,1331
2643,996,1408
2644,1038,1294
2645,1014,1248
2646,1039,1410
2647,1040,1411
2648,1041,1127
2649,1020,1413
2650,983,1199
2652,1043,1231
2653,941,1414
2654,1011,742
3138,1149,562
3139,1150,1616
2657,1026,1417
2658,1045,1418
2659,1046,1193
3140,1151,1616
3141,1152,1381
3608,1278,1515
3143,1009,549
2664,1020,1341
3144,1009,589
3145,1153,238
2667,842,1420
2668,1006,182
3609,1244,551
2670,1045,1421
3147,1145,704
3610,1246,635
3149,1155,1402
3611,1279,721
2675,1046,1262
2676,930,1424
3612,1280,721
3613,1281,1443
2679,1002,1426
3153,1157,1332
2681,1052,740
2682,1050,1429
2683,978,1430
2684,1027,1057
2685,1026,825
2686,1010,1056
2687,1053,1354
3154,1149,1399
2689,1002,1060
3155,1131,616
2691,822,683
2692,1054,269
3614,1242,1184
3157,1058,1620
2695,1045,1312
3158,1141,1359
2697,1056,1185
2698,1037,940
2699,1037,737
2700,930,1435
2701,1004,1040
2702,1057,1160
2703,1058,1160
2704,937,991
2705,1045,1436
3159,1140,1071
2707,1059,1083
3160,1141,1622
2709,1004,1063
2710,998,1116
2711,1029,1439
3161,1155,1140
3162,1158,1623
2714,1037,841
2715,1052,1209
2716,1060,1378
2717,1061,1166
2718,1046,1358
3163,1159,1624
2720,1062,1441
2721,1041,636
2722,1052,46
2723,1050,1239
2724,1045,1442
3164,1156,841
2727,998,1300
2728,1064,1104
2731,842,1446
2732,1006,183
2733,1041,1126
2735,1065,1117
2736,930,1448
2737,1066,1449
2738,1067,1287
2739,1048,904
2741,830,1272
2742,1068,1450
2743,1015,998
2744,1038,1328
2745,1069,1453
2746,1070,1146
2747,1048,1454
2748,1071,390
2749,1046,334
2750,1017,1455
2751,1048,619
2753,1072,1457
2755,1073,116
2756,1045,1459
2757,1074,1460
2759,1075,1215
2760,1076,107
2762,1067,640
2763,1077,1461
2765,984,1462
2766,989,1463
2768,1046,835
2770,1006,554
2771,1010,439
2773,996,584
2776,1050,1465
2777,1038,1326
2778,1006,547
2779,1010,1466
2781,996,1431
2783,983,1467
2784,1011,1468
2785,930,1469
2786,930,1470
2788,1029,134
2790,999,1473
2791,1079,727
2792,1013,1169
2793,1067,1474
2795,1029,775
2796,1048,1027
2797,993,1476
2798,822,1477
2800,822,1129
2802,974,1478
2804,997,1480
2805,1037,1382
2807,1046,1195
2808,1067,458
2810,1013,1447
2811,978,1479
2812,1002,1483
2813,1010,1168
2814,1037,1484
2815,1057,1485
2816,1056,1286
2817,978,1486
2819,1038,1487
2820,1080,226
2821,996,1488
2822,1056,1100
2823,1081,1489
2824,1013,1490
2825,1012,1491
2827,1019,799
2828,974,1492
2829,1010,1493
2830,1037,1495
2832,1040,357
2833,1054,1183
2834,1082,1496
2836,1004,62
2837,1083,1292
2838,996,433
2839,1075,576
2840,1084,1498
2841,1085,1081
2842,1085,1499
2843,1085,1124
2845,1048,1500
2847,1074,1501
3615,1264,1423
2849,974,1502
2850,1087,1504
2851,1038,1327
2852,941,1078
2853,1056,1505
2855,1088,1263
2856,1011,1507
3617,1244,1439
2858,1067,1241
2859,1089,1508
2861,1085,1509
3619,1237,1715
2863,1074,622
2864,1029,1510
2865,1084,1511
2866,1085,1416
3620,1283,1188
2868,1090,323
2869,1091,391
2870,838,1512
2871,941,1513
2872,997,1515
2874,1033,1516
3659,1225,41
2876,1033,1517
3660,1301,1636
2878,1085,612
2879,1094,1003
2880,830,855
2882,974,1520
2883,978,231
2884,1095,1521
2885,1045,1522
2887,981,1319
2888,1052,1340
2890,1033,1524
2891,1040,693
2892,1096,1526
2893,1097,1527
2894,1098,1526
2895,1087,1528
2896,1066,1258
2897,1011,1529
2898,1032,637
2899,974,575
2900,842,649
2901,822,1451
2903,1099,1530
2904,1099,1324
2906,1100,635
2907,1098,1532
2908,1010,1533
2911,1013,1534
2912,822,1107
2913,1075,758
2914,1024,1535
2916,1016,1053
2917,1053,948
2918,1059,1536
2919,1091,1176
2920,1046,1471
2922,1066,1537
2923,978,1097
2924,1024,928
2925,1103,1126
2927,1045,1540
2928,1020,486
2929,1089,1541
2930,1021,1542
2931,1074,1009
2932,1057,1543
2933,1006,1069
2934,1091,209
2936,1056,1544
2937,1105,572
2938,1004,1545
2939,1106,1546
2940,1045,1523
2941,1074,641
2942,1107,1548
2943,1057,766
2944,1052,402
2945,1012,1549
2946,1077,994
2947,1020,1550
2948,1012,1384
2949,1091,1200
2950,1107,1238
2951,1012,1551
2952,980,946
2953,987,1552
2954,1108,712
2955,941,1553
2956,1016,1554
2957,1016,1034
2959,1050,1031
2960,1109,1467
2961,1109,621
2963,1014,1555
2964,1110,1205
2965,1059,1183
2967,822,1254
2968,1010,1556
2969,1095,862
2972,1048,1428
2973,1111,1008
2974,1012,900
2976,994,1557
2977,1112,1557
2978,1113,1558
2980,1081,1464
2981,1081,486
2982,1114,1560
2983,1115,1284
2984,1057,1425
2985,1081,1444
2986,1013,247
2987,1045,1561
2988,1014,109
2989,974,1562
2990,1052,1563
2991,1116,1150
2996,1048,1566
2997,1117,1351
2999,1085,1236
3000,1119,80
3001,1046,1564
3002,1027,1564
3003,1102,1564
3004,941,1567
3005,1081,1568
3006,1039,620
3007,997,1570
3008,1091,1571
3010,1050,721
3011,1120,1452
3012,1111,832
3013,1111,848
3015,1109,609
3016,1109,1412
3017,1087,566
3018,1081,845
3020,1061,667
3021,1088,741
3022,1020,1573
3023,1052,1574
3024,1057,1345
3025,1087,1275
3026,1120,1497
3028,974,1575
3029,1122,944
3030,1061,520
3031,1123,1576
3032,1109,1199
3033,987,1199
3034,1124,1577
3035,987,562
3036,1089,1203
3037,1090,1069
3038,1125,28
3039,1061,1578
3041,1061,1118
3043,1127,269
3044,1109,562
3045,1052,1580
3046,1125,1525
3047,1100,1228
3048,1117,845
3050,1014,1581
3051,1081,1582
3052,822,1037
3055,1125,1372
3056,1057,1284
3057,1039,1584
3058,1014,1585
3060,1124,341
3061,1125,1587
3064,1129,818
3065,1052,1589
3120,1058,1057
3067,1130,377
3068,1052,1005
3069,941,1313
3166,1156,1248
3167,1141,1412
3168,1136,1028
3621,1284,1377
3217,1175,1633
3218,1176,1512
3219,1136,1424
3622,1285,1229
3623,1283,1123
3222,1142,1365
3223,1155,1297
3224,1136,1035
3225,1177,1034
3226,1151,1634
3227,1140,1460
3228,1178,1162
3229,975,1635
3624,1286,1701
3231,1064,1636
3232,1142,1497
3233,1142,1637
3625,1287,1701
3236,1179,232
3237,1144,453
3627,1283,1368
3239,1181,1199
3628,1288,751
3241,1009,842
3242,1164,1207
3243,1179,282
3244,1167,1112
3245,1175,1621
3247,1175,1474
3248,1182,1640
3630,1227,1715
3250,1165,236
3251,1169,1113
3631,1242,1143
3632,1256,1614
3254,1184,1642
3255,975,1515
3256,1144,1515
3257,1140,1123
3258,1169,1643
3259,1169,1455
3633,1290,951
3634,1264,1236
3635,1242,1300
3636,1284,194
3269,1179,673
3270,1187,361
3271,1009,566
3272,1188,842
3273,1157,1645
3274,1189,842
3275,1140,1442
3276,1187,1646
3277,1190,1049
3278,1140,568
3279,1151,41
3280,1144,1452
3637,1291,1369
3282,1192,991
3284,1152,1217
3285,1193,1581
3286,975,1236
3287,1176,773
3288,1140,1121
3290,1151,995
3292,1155,1648
3319,1164,641
3320,1155,1653
3321,1198,599
3322,1151,1392
3323,1137,1357
3325,1165,1100
3326,1060,551
3327,1194,237
3328,1179,26
3329,1064,1060
3332,1165,579
3333,1156,1654
3335,1165,656
3336,1179,1328
3338,1137,1517
3341,1202,576
3342,1064,42
3344,1148,1655
3345,1203,1437
3346,1189,549
3348,1189,753
3351,1206,351
3353,1142,1657
3355,1207,1494
3356,1208,1658
3357,1209,186
3360,1194,159
3361,1167,967
3362,1136,26
3363,1194,26
3364,1137,1209
3365,1160,1661
3366,1175,1662
3367,1058,1436
3368,1147,1663
3369,1210,910
3370,1140,978
3371,1175,1331
3372,1153,40
3373,1164,805
3374,1058,1664
3375,1143,709
3376,1187,1143
3377,1153,344
3378,1209,1665
3379,1184,836
3380,1144,1259
3381,1140,207
3382,1184,435
3384,1164,295
3387,1151,1666
3388,1211,1667
3389,1203,1107
3390,1211,1668
3391,1147,767
3392,1153,655
3393,1153,891
3395,1212,1335
3396,1140,1254
3401,1195,1471
3402,1214,1467
3403,1175,1568
3404,1207,584
3405,1141,1669
3406,1201,1040
3407,1177,1166
3408,1209,530
3409,1153,1195
3411,1178,1670
3412,1207,575
3413,1197,1413
3414,1140,1133
3416,1144,723
3418,1187,1671
3419,1189,62
3420,1201,1588
3421,1175,1260
3422,1187,663
3423,1195,1500
3424,1140,1672
3425,1178,390
3426,1211,847
3427,1194,80
3428,1179,276
3429,1194,1618
3430,1189,1318
3432,1169,1465
3433,1215,1459
3434,1189,1383
3435,1058,1638
3436,1189,566
3437,1195,1180
3438,1156,693
3440,1216,1144
3441,1202,1324
3442,1140,1508
3443,1178,1435
3444,1007,1165
3445,1178,1674
3448,1164,649
3450,1169,1547
3452,1140,507
3453,1165,1595
3454,1203,1677
3455,1151,1397
3457,1064,1678
3458,1007,1033
3638,1242,1273
3460,1218,1680
3461,1201,1487
3462,1219,1527
3463,1167,890
3464,1060,855
3465,1179,1335
3466,1184,28
3467,1184,1683
3468,1184,824
3469,1181,1501
3470,1202,1192
3639,1292,967
3472,1203,1454
3473,1169,1659
3474,1184,1685
3476,1184,1686
3477,1058,1284
3478,1140,1599
3641,1285,1515
3642,1264,1627
3481,1009,1318
3482,1177,1477
3483,1203,582
3484,1177,1208
3485,1007,848
3643,1242,1716
3487,1220,1516
3488,1178,1091
3490,1216,1687
3491,1161,681
3492,1163,1239
3493,1140,683
3494,1192,1318
3495,1161,1374
3496,1203,1688
3497,1216,1681
3498,1136,1328
3499,1158,1169
3500,1147,725
3501,1190,1405
3502,1192,1247
3503,1221,379
3504,1198,1689
3505,1164,1441
3506,1192,1241
3507,1220,1394
3508,1147,1315
3509,1007,1690
3510,1147,1152
3511,1198,698
3512,1181,1147
3645,1293,751
3514,1198,1363
3515,1197,1691
3646,1294,751
3517,1219,1284
3518,1149,951
3519,1137,1523
3520,1163,1692
3521,1219,379
3647,1295,727
3523,1202,1534
3524,1149,1693
3525,1220,1193
3526,1222,1101
3527,1164,1694
3528,1163,1691
3529,1149,1193
3530,1149,1695
3648,1296,1384
3532,1223,1488
3533,1224,1568
3649,1297,1166
3536,1227,1140
3537,1228,1140
3538,1229,691
3650,1256,1209
3540,1231,995
3541,1232,1282
3542,1233,1282
3651,1298,1191
3546,1234,1366
3549,1227,1703
3550,1238,1564
3553,1241,684
3554,1242,1275
3555,1243,1275
3556,1234,1706
3557,1244,1378
3652,1299,654
3559,1246,1104
3560,1247,1703
3561,1244,1180
3563,1249,1615
3564,1250,645
3567,1252,1159
3569,1253,334
3570,1254,1159
3571,1225,576
3574,1225,1708
3575,1248,1709
3577,1256,1710
3578,1258,1710
3579,1259,1711
3580,1260,1711
3581,1239,91
3654,1285,272
3664,1302,258
3665,1303,1444
3666,1304,977
3667,1285,547
3668,1282,1378
3669,1241,457
3670,1305,974
3671,1306,1397
3672,1261,946
3674,1307,1351
3675,1285,1060
3676,1308,1512
3677,1256,1382
3678,1309,977
3679,1250,1636
3680,1283,1658
3681,1300,1605
3684,1311,1126
3685,1256,1720
3687,1312,1351
3688,1312,580
3689,1242,1657
3690,1285,819
3692,1256,366
3693,1309,1170
3694,1314,1413
3695,1242,339
3697,1316,631
3698,1317,1550
3699,1290,1027
3700,1312,1497
3701,1250,1471
3702,1309,1172
3703,1253,1248
3705,1318,1027
3706,1234,1318
3707,1299,1363
3708,1299,1722
3712,1299,1165
3714,1242,1323
3715,1320,1213
3717,1321,1160
3719,1322,1108
3720,1323,1397
3721,1324,1397
3723,1312,858
3725,1246,1684
3726,1239,1246
3729,1261,1195
3730,1325,1727
3732,1302,645
3733,1247,1039
3734,1327,285
3735,1270,1460
3736,1328,258
3737,1246,1567
3738,1290,1694
3739,1327,1250
3740,1329,1101
3741,1261,805
3742,1327,272
3743,1244,1101
3744,1312,530
3745,1290,1403
3747,1330,1298
3748,1321,1304
3749,1314,1728
3750,1331,1729
3751,1332,1730
3752,1333,1731
3754,1334,1731
3756,1335,379
3758,1272,1126
3759,1336,775
3760,1325,1366
3761,1337,775
3763,1264,1179
3764,1324,1179
3765,1314,1162
3766,1238,386
3767,1238,247
3768,1228,569
3769,1283,1733
3770,1338,1052
3771,1339,1052
3772,1340,1558
3773,1341,1558
3774,1338,1452
3775,1261,1099
3776,1328,87
3777,1327,1169
3778,1250,1068
3779,1224,1736
3782,1283,1338
3783,1343,552
3784,1325,1338
3785,1224,1165
3787,1297,1737
3790,1346,1160
3791,1321,372
3792,1227,1738
3793,1347,512
3794,1316,1317
3795,1260,1331
3796,1227,1664
3797,1232,507
3798,1283,568
3799,1261,1198
3800,1283,1677
3801,1348,1306
3802,1349,1525
3803,1350,1525
3804,1295,1078
3806,1351,1104
3807,1247,1236
3808,1247,1124
3809,1303,1266
3810,1324,1081
3811,1243,161
3812,1352,1739
3813,1353,1708
3815,1354,576
3816,1355,1377
3817,1233,1084
3818,1356,1002
3819,1224,598
3820,1357,1614
3822,1358,1740
3823,1359,1286
3824,1360,1647
3825,1361,493
3826,1362,1368
3827,1324,1248
3828,1363,1248
3829,1302,1471
3830,1364,528
3832,1364,523
3833,1346,1166
3834,1364,788
3835,1243,967
3836,1351,1078
3838,1354,1392
3839,1249,631
3840,1233,194
3841,1366,1341
3842,1318,951
3844,1301,568
3845,1339,1741
3846,1224,1032
3847,1366,1085
3848,1367,1719
3849,1367,1363
3850,1362,1140
3851,1368,1452
3852,1366,529
3853,1260,1107
3855,1301,1742
3856,1339,552
3858,1301,1743
3859,1362,1728
3861,1352,1627
3862,1369,1460
3863,1331,1193
3865,1351,1053
3866,1371,609
3867,1339,1377
3868,1324,684
3870,1273,635
3871,1243,1435
3872,1372,1402
3873,1254,1701
3874,1352,701
3875,1351,1655
3876,1243,1300
3877,1373,1746
3878,1282,1564
3879,1273,729
3880,1367,1747
3881,1367,1384
3882,1374,1582
3883,1324,1060
3884,1375,1564
3885,1376,1060
3886,1362,130
3887,1377,855
3888,1378,1525
3889,1367,1749
3890,1379,1750
3891,1324,1653
3892,1380,1284
3893,1381,569
3894,1382,977
3895,1346,1304
3896,1383,1751
3897,1384,1101
3898,1385,1582
3899,1386,1101
3902,1389,1755
3903,1390,697
3904,1391,1179
3906,1393,1104
3907,1394,1756
3908,1394,1611
3909,1395,1354
3910,1396,1616
3911,1397,1112
3913,1398,635
3914,1399,1429
3915,1400,1592
3916,1401,1680
3917,1402,995
3918,1402,1331
3919,1403,1618
3920,1404,723
3921,1394,433
3922,1405,1384
3925,1408,1180
3927,1409,1478
3928,1410,1757
3930,1412,1184
3931,1413,1408
3932,1414,693
3933,1415,1140
3934,1394,1758
3935,1416,1670
3937,1418,1328
3939,1403,509
3940,1420,1759
3941,1397,775
3942,1394,1359
3945,1416,303
3947,1423,1262
3948,1424,616
3949,1391,1069
3950,1425,1372
3951,1391,960
3952,1391,1760
3953,1395,742
3955,1423,648
3956,1408,1664
3958,1426,361
3959,1427,256
3960,1408,1397
3961,1395,598
3962,1428,1191
3963,1410,237
3964,1418,1049
3965,1395,1761
3966,1423,604
3967,1389,1143
3969,1430,600
3970,1431,1762
3971,1405,1763
3972,1432,1556
3973,1429,1462
3974,1433,1764
3975,1434,1400
3976,1394,1487
3977,1435,1091
3978,1436,1509
3980,1438,1625
3982,1408,1363
3983,1389,974
3985,1440,855
3986,1389,855
3987,1395,1435
3988,1441,1381
3989,1440,612
3990,1442,948
3991,1443,1193
3992,1436,16
3994,1423,1377
3996,1446,584
3997,1402,1136
3998,1412,1765
3999,1408,1767
4000,1447,1766
4001,1448,1146
4002,1449,1053
4003,1416,1701
4004,1402,819
4005,1450,1603
4006,1430,551
4009,1451,213
4011,1452,1617
4012,1431,1768
4013,1453,1063
4014,1454,1351
4015,1454,600
4016,1455,680
4017,1454,1467
4018,1430,1769
4019,1456,1564
4020,1317,1680
4021,1457,1770
4024,1425,1771
4026,1432,1369
4028,1458,1645
4030,1459,1681
4032,1460,1232
4033,1440,1205
4034,1453,1374
4036,1397,575
4037,1421,1772
4039,1391,480
4040,1457,1573
4041,1405,1573
4042,1458,127
4043,1454,841
4044,1457,1365
4046,1438,507
4047,1440,1672
4048,1395,1469
4049,1458,618
4051,1441,282
4052,1462,1034
4054,1405,1590
4055,1464,493
4056,1391,1775
4057,1412,689
4059,1390,1717
4060,1465,80
4061,1463,1776
4062,1393,1203
4063,1428,295
4064,1466,1234
4065,1431,1463
4066,1442,1706
4067,1467,1620
4068,1412,596
4069,1456,997
4071,1468,1491
4072,1468,1125
4073,1416,405
4075,1457,1692
4077,1440,1778
4078,1433,285
4079,1432,1744
4080,1467,1238
4083,1393,897
4084,1470,348
4086,1455,1671
4087,1463,1205
4088,1450,1425
4090,1472,1779
4093,1460,1289
4094,1464,1402
4095,1459,847
4096,1434,1627
4097,1463,1442
4098,1440,1572
4099,1470,1588
4100,1459,1284
4104,1456,1103
4105,1442,1780
4108,1454,1547
4109,1473,334
4110,1393,552
4111,1428,1157
4112,1393,1193
4113,1391,1781
4114,1468,1781
4115,1474,751
4116,1440,1782
4117,1456,1347
4118,1463,1632
4119,1468,1686
4121,1430,1409
4122,1447,1551
4123,1475,1409
4124,1476,213
4125,1474,1783
4126,1456,568
4127,1425,1517
4128,1428,1215
4131,1430,1547
4132,1425,1245
4134,1459,1785
4138,1434,1241
4139,1403,1409
4140,1440,1657
4141,1463,1657
4142,1416,194
4143,1477,1159
4146,1434,1786
4147,1410,684
4148,1425,1016
4150,1424,306
4154,1474,1153
4155,1474,729
4158,1452,1790
4159,1480,1655
4160,1473,859
4161,1410,753
4162,1414,1165
4163,1433,1040
4166,1483,1792
4167,1484,1236
4168,1484,1423
4169,1485,391
4170,1484,1332
4172,1486,1582
4173,1487,1446
4176,1490,1497
4177,1491,1500
4178,1492,1424
4179,1493,1583
4180,1494,1140
4181,1495,1401
4182,1496,1401
4183,1497,1351
4185,1499,1372
4186,1500,1113
4187,1501,1761
4188,1501,1509
4190,1496,1517
4191,1502,1354
4194,1505,1381
4195,1506,704
4196,1507,1637
4198,1509,1080
4199,1510,1768
4200,1511,1488
4201,1512,1488
4202,1513,1799
4203,1514,648
4204,1515,995
4207,1515,1374
4208,1517,1802
4209,1518,1803
4210,1519,1349
4211,1520,1800
4212,1521,260
4213,1522,30
4214,1523,841
4215,1524,1124
4216,1525,656
4217,1526,1518
4218,1527,1804
4219,1528,517
4221,1528,621
4222,1530,684
4224,1501,281
4225,1532,630
4226,1530,1478
4227,1533,1805
4228,1534,1151
4232,1536,695
4234,1538,80
4235,1539,295
4236,1537,1179
4237,1540,1807
4238,1541,1680
4239,1542,825
4240,1524,357
4242,1544,1487
4243,1494,1500
4244,1540,1808
4245,1524,1397
4246,1530,1492
4247,1537,1359
4249,1546,1786
4251,1530,239
4252,1548,1463
4253,1534,1564
4254,1549,1564
4255,1501,1328
4256,1546,1382
4257,1524,1757
4258,1550,1812
4259,1531,421
4260,1537,888
4261,1551,1769
4262,1524,1813
4263,1502,1392
4264,1521,282
4265,1547,1814
4266,1533,310
4267,1552,1806
4268,1502,1769
4269,1537,1806
4270,1553,1410
4271,1554,1069
4272,1547,1810
4273,1555,1053
4274,1530,1815
4275,1556,1040
4276,1557,1655
4278,1559,1215
4279,1554,1285
4280,1559,470
4282,1499,405
4285,1524,1817
4286,1502,624
4287,1528,951
4288,1546,1588
4289,1560,1819
4290,1531,819
4292,1562,1821
4293,1498,1100
4294,1499,1816
4295,1563,1103
4296,1564,1823
4298,1566,1179
4300,1568,1179
4301,1569,1179
4302,1570,1826
4303,1571,1211
4305,1573,1060
4306,1574,1424
4307,1575,1828
4309,1576,1126
4310,1577,1126
4312,1579,1832
4313,1580,1832
4316,1583,1834
4317,1584,1835
4318,1585,1060
4319,1586,1275
4320,1587,1275
4321,1588,134
4322,1589,1378
4323,1566,1837
4325,1590,1838
4326,1591,648
4327,1592,648
4328,1593,1839
4329,1594,1840
4330,1595,1112
4331,1596,852
4332,1566,1841
4333,1575,1842
4334,1583,1844
4335,1589,1411
4336,1597,1411
4338,1573,1846
4339,1585,1846
4341,1600,1053
4342,1590,1053
4343,1601,1512
4344,1602,1761
4345,1602,1509
4346,1603,1848
4347,1604,1849
4348,1605,1849
4349,1606,1850
4350,1586,1851
4351,1591,1756
4352,1606,1209
4354,1598,1853
4355,1566,1854
4356,1607,1855
4357,1592,564
4358,1608,1856
4359,1609,564
4360,1600,1842
4361,1607,1842
4362,1610,568
4363,1611,1857
4365,1613,1855
4367,1592,624
4369,1614,1862
4370,1615,1862
4371,1609,624
4372,1609,194
4373,1616,194
4374,1566,1351
4375,1617,1863
4376,1618,1837
4378,1610,1864
4379,1597,1864
4380,1620,1835
4381,1598,1859
4382,1621,1439
4386,1624,1179
4387,1625,701
4388,1612,1126
4389,1614,1866
4390,1615,1867
4391,1601,1868
4392,1626,1741
4393,1627,1512
4394,1628,1351
4395,1620,1852
4396,1596,1417
4397,1607,1866
4399,1629,1871
4400,1583,1195
4401,1598,1072
4402,1614,1872
4403,1598,1873
4406,1577,1850
4407,1589,238
4408,1631,238
4409,1632,1875
4410,1613,1123
4411,1606,547
4412,1633,1402
4413,1570,1876
4414,1634,1876
4415,1610,1879
4416,1596,1880
4417,1583,1847
4418,1592,1179
4419,1583,1881
4420,1604,1882
4421,1583,1083
4422,1627,1884
4423,1566,503
4425,1566,1087
4426,1570,1886
4428,1627,1887
4429,1566,1888
4430,1636,1889
4431,1620,1886
4432,1637,1880
4433,1610,1891
4435,1639,1195
4437,1589,1169
4438,1601,1894
4443,1641,503
4446,1643,1834
4447,1639,1830
4448,1644,1878
4449,1601,1556
4450,1613,855
4451,1610,739
4452,1644,209
4453,1591,847
4454,1630,16
4455,1617,1896
4456,1592,1837
4457,1616,1847
4459,1590,1859
4460,1646,1830
4461,1616,1032
4462,1647,1349
4463,1648,1841
4465,1649,1798
4467,1650,1897
4470,1652,1898
4474,1575,1901
4475,1653,1861
4476,1654,1798
4477,1655,1901
4479,1653,1902
4480,1657,840
4482,1659,1545
4483,1660,470
4485,1662,1143
4486,1663,1143
4487,1648,1049
4488,1653,1049
4489,1648,1903
4490,1664,1117
4491,1665,1834
4492,1575,1904
4493,1666,1393
4494,1667,1905
4496,1617,1907
4497,1667,1908
4499,1595,1909
4500,1645,1910
4501,1670,1910
4502,1575,1911
4505,1594,1659
4506,1575,1913
4508,1672,1866
4510,1595,1166
4511,1646,1915
4513,1672,1862
4515,1674,1916
4516,1675,1850
4519,1660,1918
4521,1678,1919
4527,1581,1154
4528,1679,1154
4530,1668,1927
4532,1676,1928
4533,1648,1134
4535,1680,1930
4536,1681,1931
4537,1617,1932
4538,1682,1828
4542,1685,1070
4543,1686,1933
4545,1573,1936
4548,1653,1854
4549,1686,1294
4551,1687,683
4553,1680,1938
4554,1688,1418
4557,1657,1939
4558,1691,1780
4559,1670,1780
4560,1575,1940
4562,1693,1941
4563,1687,1941
4564,1595,852
4565,1694,1215
4566,1695,1381
4567,1696,1942
4569,1697,1908
4570,1581,1943
4571,1650,1902
4572,1655,1907
4573,1686,1365
4574,1698,1275
4575,1699,974
4576,1568,1341
4577,1700,1341
4579,1702,1166
4581,1660,1382
4582,1686,1474
4583,1704,1884
4584,1705,1884
4587,1672,1945
4588,1698,1946
4589,1662,1924
4591,1697,1937
4592,1650,1947
4593,1686,1122
4596,1568,1085
4597,1692,247
4598,1708,1929
4600,1675,1924
4601,1692,1950
4602,1709,1951
4603,1686,1899
4604,1710,1525
4605,1653,1899
4606,1648,1952
4607,1581,1953
4609,1648,1955
4611,1692,1957
4612,1648,1258
4613,1681,1958
4615,1645,1959
4619,1617,1962
4620,1667,1160
4622,1685,1827
4624,1645,8
4626,1581,1964
4627,1676,1418
4628,1713,1564
4631,1686,1061
4632,1646,1061
4633,1569,1061
4634,1714,1063
4636,1645,1967
4637,1645,1966
4638,1692,1873
4640,1617,1969
4642,1667,1972
4644,1708,305
4645,1715,1462
4646,1645,1854
4647,1716,1351
4648,1667,1973
4651,1660,1236
4652,1717,1975
4655,1662,1976
4657,1690,1153
4659,1713,1436
4660,1720,1462
4661,1721,1979
4662,1722,631
4663,1722,686
4665,1629,1980
4666,1722,1981
4667,1723,1232
4668,1696,1982
4669,1707,1544
4671,1725,1188
4672,1726,1191
4673,1681,1881
4675,1686,1983
4676,1661,568
4677,1697,1855
4678,1728,1984
4679,1729,1985
4680,1650,1986
4682,1730,814
4684,1645,1988
4685,1568,1989
4686,1732,1071
4687,1595,1990
4689,1733,1957
4690,1723,1333
4692,1649,1978
4693,1735,895
4694,1698,1708
4695,1720,1944
4696,1686,1165
4697,1646,1165
4698,1571,1165
4699,1736,1165
4700,1595,1209
4701,1691,1211
4703,1738,1397
4704,1739,1993
4705,1740,1994
4706,1741,1134
4708,1673,1995
4709,1690,1718
4710,1647,1237
4711,1739,1997
4712,1742,1964
4713,1732,1342
4714,1743,1998
4716,1593,1999
4717,1732,1016
4718,1739,564
4719,1718,2000
4721,1744,1972
4722,1713,2001
4723,1745,2003
4724,1735,721
4725,1723,678
4726,1585,2004
4727,1575,1865
4728,1746,2005
4729,1693,1425
4730,1747,1425
4731,1748,1625
4732,1692,2007
4734,1717,1008
4735,1732,1996
4737,1693,2009
4738,1664,238
4739,1749,2010
4741,1748,2011
4743,1693,2012
4744,1679,2013
4745,1655,2012
4746,1660,613
4747,1585,613
4748,1751,2014
4749,1744,2014
4750,1717,1205
4752,1730,1923
4753,1725,2015
4754,1687,1867
4755,1717,1627
4756,1664,1746
4758,1678,2018
4760,1650,937
4761,1735,1437
4762,1680,2020
4763,1752,1934
4764,1722,226
4765,1753,1737
4766,1663,23
4767,1617,2021
4768,1752,1916
4769,1708,48
4770,1723,2022
4771,1725,1406
4772,1692,2023
4773,1735,1454
4774,1581,2024
4775,1675,2025
4776,1664,1307
4777,1581,2027
4778,1713,575
4779,1725,1034
4780,1645,2028
4781,1754,1034
4785,1693,2024
4786,1758,2030
4787,1758,669
4788,1575,1862
4791,1709,2032
4792,1673,1879
4793,1722,2033
4797,1657,2034
4798,1662,1348
4799,1673,1062
4800,1728,1259
4801,1745,1259
4802,1735,1181
4803,1760,1260
4805,1761,2037
4806,1762,2038
4807,1675,947
4809,1725,2040
4815,1673,1101
4816,1749,1960
4817,1693,2042
4818,1693,2043
4819,1717,1963
4820,1764,1347
4822,1573,1397
4823,1765,1679
4824,1739,1169
4825,1735,2045
4826,1766,1333
4827,1752,2017
4828,1691,1008
4829,1752,2046
4830,1767,2028
4834,1752,2047
4835,1770,2008
4836,1770,1830
4839,1575,2014
4840,1770,1778
4841,1770,1495
4842,1667,2050
4843,1770,1915
4844,1573,681
4845,1771,2050
4848,1770,1165
4850,1708,1238
4851,1655,895
4854,1710,1516
4855,1732,385
4856,1775,2054
4858,1776,379
4859,1747,1950
4860,1573,1899
4861,1777,1108
4862,1778,1821
4863,1702,1821
4864,1771,2055
4868,1713,413
4871,1667,511
4872,1667,1939
4873,1735,1174
4874,1667,1301
4876,1682,511
4878,1722,1193
4879,1595,2060
4880,1595,564
4881,1571,2061
4882,1781,1930
4883,1765,2063
4884,1697,1865
4886,1585,215
4888,1784,1964
4889,1785,1964
4890,1786,800
4891,1787,2064
4893,1654,741
4894,1789,1564
4895,1780,1053
4897,1790,2017
4898,1791,1259
4899,1705,2067
4900,1685,2068
4901,1792,1169
4902,1793,1402
4903,1754,2024
4904,1765,1362
4905,1733,2069
4906,1676,1968
4907,1792,2070
4908,1793,238
4910,950,1716
4911,1670,1085
4913,1687,210
4914,1736,282
4916,1679,1160
4917,1687,1160
4918,1679,2071
4919,1794,631
4921,1792,2073
4924,1653,1915
4925,1670,1963
4927,1781,2074
4928,1781,1923
4929,1585,2003
4930,1765,1195
4931,1754,2075
4932,1655,2045
4933,1765,2076
4934,1795,1437
4935,1795,1454
4936,1795,2078
4937,1775,1008
4938,1781,1914
4939,1796,470
4940,1672,1737
4941,1765,2079
4944,1687,2071
4945,1685,2080
4946,1765,2025
4947,1797,855
4949,1771,1655
4950,1781,1955
4951,1662,1214
4952,1771,2044
4953,1796,1349
4954,1794,1995
4955,1780,1382
4956,1571,2083
4957,1733,2084
4958,1798,1963
4959,1794,2085
4960,1799,433
4962,1672,1990
4963,1793,2015
4964,1653,1925
4965,1653,2047
4967,1682,1301
4968,1775,1116
4970,1771,1103
4971,1780,2047
4972,1585,2067
4974,1720,8
4975,1780,2089
4976,1780,2088
4978,1802,977
4979,1676,2090
4980,1803,1112
4981,1771,1950
4982,1662,305
4983,1804,677
4984,1687,2091
4985,1571,2003
4986,1805,1128
4987,1672,1214
4988,1796,2092
4989,1657,226
4990,1662,2011
4991,1679,2093
4993,1700,1205
4994,1806,1174
4995,1685,2095
4997,1807,1746
4998,1808,2096
4999,1809,1762
5000,1804,1355
5001,1810,1945
5002,1811,1198
5003,1812,1891
5005,1813,2002
5008,1815,1980
5009,1816,1792
5010,1817,1411
5012,1819,1392
5015,1818,2043
5016,1820,2100
5019,1823,2015
5020,1824,1963
5021,1685,2103
5022,1825,1436
5023,1818,2104
5024,1826,2077
5025,1827,2077
5027,1642,2105
5028,1825,2097
5030,1818,2106
5034,1830,2109
5035,1681,2110
5036,1784,2111
5037,1817,2112
5038,1685,1374
5040,1831,1897
5042,1832,1945
5043,1833,1979
5044,1834,901
5045,1835,2084
5046,1681,2031
5047,1836,2114
5049,1736,2115
5050,1837,357
5051,1818,2117
5052,1820,1904
5054,1642,1950
5055,1729,1118
5056,1838,2118
5057,1816,1053
5059,1840,1859
5060,1841,2119
5061,1834,1941
5062,1834,1911
5065,1843,2120
5066,1784,2121
5067,1844,2007
5068,1841,2113
5069,1845,940
5070,1838,2122
5071,1838,2123
5072,1685,2124
5073,1813,1917
5075,1846,1931
5076,1847,1564
5077,1698,1670
5079,1849,2127
5080,1709,742
5082,1851,2129
5083,1594,1902
5084,1847,2092
5087,1852,2130
5088,1853,2062
5089,1820,2021
5090,1695,1939
5092,1685,2132
5093,1855,1884
5094,1856,1884
5095,1842,1193
5096,1729,2133
5097,1709,1915
5098,1857,1147
5100,1685,2040
5101,1813,2069
5103,1685,2134
5105,1833,2135
5106,1729,1049
5107,1859,2136
5108,1860,2136
5109,1841,213
5110,1841,2137
5111,1861,761
5113,1818,2139
5114,1761,25
5116,1681,2082
5117,1816,1512
5118,1864,1138
5119,1865,232
5120,1866,1680
5121,1841,1460
5122,1817,1960
5123,1867,1960
5124,1868,1955
5125,1869,1941
5126,1870,576
5127,1663,1429
5128,1871,1474
5131,1874,1761
5132,1874,1509
5133,1663,1605
5134,1842,1116
5136,1875,1437
5137,1841,2143
5138,1847,2144
5140,1861,686
5144,1879,1395
5145,1844,2145
5146,1729,695
5148,1881,1937
5150,1844,2147
5151,1882,2148
5152,1883,1328
5153,1884,237
5154,1729,1122
5155,1861,619
5158,1838,1988
5160,1885,247
5162,1841,2151
5164,1888,1143
5167,1889,599
5168,1784,2014
5171,1891,1104
5173,1833,1950
5174,1889,1451
5176,1851,2155
5177,1865,896
5178,1816,1154
5179,1818,2075
5182,1729,2149
5183,1893,1865
5185,1869,1796
5186,1716,1903
5187,1817,630
5189,1787,2160
5190,1594,1789
5191,1872,2161
5192,1841,1913
5193,1859,1942
5194,1861,2162
5198,1827,1328
5200,1898,1753
5202,1698,1179
5203,1900,1179
5204,1901,1858
5205,1709,2163
5206,1782,655
5207,1836,106
5208,1889,1910
5210,1695,1134
5211,1885,1140
5212,1902,1117
5213,1865,410
5215,1879,2164
5216,1836,2165
5217,1879,1359
5218,1903,2141
5220,1838,1449
5222,1874,2128
5223,1905,2166
5224,1685,2167
5225,1666,701
5226,1817,1397
5227,1906,80
5228,1729,2168
5229,1864,2169
5230,1815,1211
5231,1716,2170
5232,1832,1069
5234,1908,2172
5235,1729,2173
5237,1910,1617
5238,1818,555
5239,1685,316
5240,1787,458
5241,1911,2044
5242,1912,1151
5243,1818,1990
5244,1892,1990
5245,1695,2174
5246,1861,421
5247,1880,648
5249,1913,1861
5250,1914,457
5251,1892,1406
5253,1872,568
5254,1844,2177
5255,1838,689
5256,1786,1437
5258,1772,2178
5260,1838,1617
5261,1894,2150
5262,1709,1205
5263,1915,1967
5264,1838,1994
5265,1916,775
5267,1861,1651
5268,1718,1412
5269,1898,1008
5270,1850,1491
5272,1834,1879
5273,1917,2179
5274,1871,847
5275,1849,2181
5276,1889,2182
5279,1861,1364
5280,1919,2084
5281,1716,2183
5283,1681,1671
5288,1695,1262
5289,1922,2185
5290,1923,2067
5291,1594,1455
5292,1685,41
5293,1924,1968
5296,1925,2186
5297,1883,1318
5298,1922,1883
5299,1902,1078
5300,1926,2131
5302,1857,858
5304,1927,2187
5305,1912,1277
5306,1782,283
5307,1782,891
5308,1658,1980
5309,1848,1408
5310,1658,2189
5312,1928,1471
5313,1889,1500
5314,1879,787
5315,1912,2045
5317,1574,2190
5318,1930,1727
5319,1865,2191
5320,1931,554
5321,1903,2193
5322,1844,2192
5323,1844,1007
5325,1911,551
5326,1834,1996
5327,1933,2194
5328,1857,2194
5330,1902,675
5331,1848,2196
5332,1874,2197
5333,1910,2198
5335,1934,2199
5336,1935,2198
5338,1663,2200
5339,1937,1814
5340,1937,1352
5342,1931,1963
5343,1861,1965
5345,1938,390
5346,1874,2202
5347,1861,2203
5348,1801,2204
5350,1844,305
5351,1832,2018
5353,1934,2205
5354,1939,2132
5355,1813,1899
5356,1844,2206
5357,1848,2026
5358,1825,344
5359,1940,1394
5360,1848,1854
5361,1861,2207
5362,1844,2208
5363,1924,209
5364,1889,1602
5365,1924,966
5366,1834,2209
5367,1941,2210
5368,1836,2211
5369,1942,2202
5370,1908,1510
5372,1922,656
5374,1924,2214
5375,1908,2215
5376,1922,2216
5377,1889,1746
5379,1817,1686
5380,1658,2218
5381,1944,2220
5382,1944,2217
5383,1894,2219
5384,1945,353
5385,1915,2221
5387,1829,2222
5389,1918,2050
5391,1937,1124
5392,1885,2223
5393,1844,2224
5394,1946,1834
5395,1947,2061
5396,1934,2061
5397,1848,607
5399,1949,2225
5401,1874,1785
5404,1950,2071
5405,1951,1010
5407,1894,1952
5408,1922,1860
5409,1889,2226
5410,1922,2227
5411,1906,697
5412,1952,1487
5413,1915,1930
5414,1945,1638
5416,1953,1116
5419,1868,2159
5420,1954,547
5421,1842,1060
5422,1952,841
5423,1951,1767
5424,1782,1738
5427,1879,1914
5428,1844,2229
5430,1955,2042
5431,1915,1169
5432,1823,2231
5433,1716,2176
5435,1825,2233
5436,1951,45
5437,1865,219
5438,1894,1100
5439,1954,819
5441,1954,1386
5442,1956,2235
5444,1924,196
5445,1787,2236
5446,1695,684
5448,1951,1760
5449,1880,1031
5450,1825,2011
5451,1944,1650
5452,1958,1412
5453,1853,242
5454,1935,781
5455,1959,48
5456,1847,2239
5457,1930,2238
5458,1825,2240
5459,1910,441
5460,1960,2099
5461,1915,2241
5462,1961,882
5463,1820,2242
5464,1903,1657
5465,1962,580
5467,1903,2176
5468,1917,1358
5469,1574,637
5470,1894,2009
5472,1956,1386
5473,1955,1215
5475,1921,1627
5477,1927,1646
5478,1945,1578
5479,1954,493
5480,1891,1977
5481,1963,1770
5483,1902,2089
5485,1959,1315
5489,1881,2249
5490,1915,575
5492,1965,1839
5493,1642,1401
5494,1841,1054
5495,1801,2250
5496,1902,862
5497,1880,1182
5498,1952,1341
5499,1889,1146
5502,1959,1566
5504,1966,2055
5505,1871,310
5508,1955,2243
5509,1787,1432
5511,1934,1032
5512,1961,238
5513,1910,1012
5514,1953,2255
5515,1908,1671
5516,1967,1671
5517,1871,1174
5519,1955,2256
5521,1915,2197
5522,1955,2258
5523,1952,2259
5525,1924,1101
5526,1969,1101
5527,1885,2025
5528,1938,1757
5529,1894,2001
5531,1940,1425
5532,1970,1939
5533,1892,2260
5534,1813,1195
5535,1813,1882
5539,1955,2048
5540,1927,1657
5542,1937,2263
5543,1816,2243
5545,1972,1471
5546,1880,2264
5548,1955,2266
5549,1923,951
5550,1963,2261
5554,1973,1390
5557,1841,1832
5558,1965,592
5559,1961,2268
5560,1974,1471
5561,1957,2033
5563,1940,2269
5564,1813,1821
5565,1787,2270
5566,1847,1714
5568,1975,1902
5569,1921,890
5570,1952,1817
5572,1976,284
5573,1957,881
5574,1801,1598
5575,1847,543
5576,1937,1919
5577,1784,2266
5578,1801,2266
5579,1957,2212
5580,1913,2235
5582,1961,1338
5584,1784,2272
5585,1817,2273
5586,1970,2273
5587,1801,1382
5588,1801,2274
5589,1978,1781
5590,1801,2272
5591,1574,2071
5594,1855,2273
5595,1962,2273
5596,1979,2273
5598,1574,1473
5600,1961,391
5602,1980,1655
5603,1961,1655
5606,1665,1830
5607,1981,1339
5608,1982,1339
5609,1743,2278
5610,1983,1351
5611,1970,1798
5612,1984,1840
5613,1985,1840
5614,1986,1840
5615,1905,1130
